Matricule,Nom,Prénom,Genre,Date_de_recrutement,Date_de_départ,Raison_du_départ,Service,Poste_occupé
1,Butler,Melissa,Femme,23/03/2022,,,Informatique,Administrateur réseaux
2,Williams,Sarah,Homme,29/09/2022,,,RH,Contrôleur de gestion sociale
3,Johnson,Christopher,Femme,22/11/2022,,,RH,Gestionnaire paie
4,Stevens,Bailey,Homme,07/06/2022,,,Ventes,Assistant commercial
5,Smith,Keith,Homme,20/02/2022,,,Marketing,Chef de projet marketing
6,Rocha,Beth,Homme,17/01/2022,,,Marketing,Ingénieur packaging
7,Pugh,Michael,Homme,07/06/2022,,,RH,Gestionnaire paie
8,Walton,Jason,Femme,08/06/2022,,,Marketing,Assistant marketing
9,Lynch,Ronald,Femme,19/02/2022,16/06/2022,Démission,Ventes,Responsable commercial
10,Smith,Daniel,Femme,15/05/2022,,,Informatique,Data engineer
11,Robinson,Mark,Homme,24/10/2022,,,Ventes,Chargé d’affaires
12,Rivera,Amy,Femme,04/06/2022,,,RH,Assistant RH
13,Chavez,Lisa,Femme,01/03/2022,,,Ventes,Assistant commercial
14,Martinez,Bradley,Homme,07/05/2022,,,Marketing,Responsable marketing
15,Glass,Stacey,Homme,01/03/2022,,,Ventes,Responsable commercial
16,Davis,Michelle,Femme,29/07/2022,,,Ventes,Animateur SAV
17,Robinson,Ruben,Homme,16/03/2022,,,Informatique,Administrateur système
18,Lynch,Tammy,Femme,27/07/2022,,,Ventes,Assistant commercial
19,Murphy,Sarah,Homme,21/10/2022,,,Marketing,Responsable marketing
20,Martinez,Jennifer,Homme,29/01/2022,,,RH,Assistant RH
21,Oneal,Audrey,Homme,28/12/2022,,,Ventes,Assistant commercial
22,Gibbs,Julie,Femme,13/12/2022,,,RH,Responsable GPEC GEPP
23,Castillo,Grant,Homme,11/07/2022,,,Informatique,Webmaster
24,Smith,Kristina,Femme,01/06/2022,,,Informatique,Administrateur système
25,Steele,Kristina,Homme,22/12/2022,,,Finance,Assistant de gestion
26,Young,William,Homme,21/06/2022,,,RH,Responsable SIRH
27,Bates,Mary,Homme,27/02/2022,,,Finance,Contrôleur de gestion
28,Garrett,Debbie,Homme,07/10/2022,,,Finance,Contrôleur de gestion
29,Gray,Brenda,Homme,19/06/2022,,,Ventes,Responsable commercial
30,Chambers,Chelsea,Homme,16/12/2022,,,Ventes,Assistant commercial
31,Melendez,Heather,Homme,07/12/2022,,,Marketing,Assistant marketing
32,Meza,Alan,Femme,03/01/2022,,,Informatique,Responsable sécurité informatique
33,Hoffman,Ann,Femme,24/08/2022,,,Informatique,Administrateur réseaux
34,Cox,Alex,Homme,06/03/2022,,,Finance,Comptable
35,Jordan,David,Homme,12/06/2022,,,Marketing,Responsable marketing
36,Johnson,Robin,Homme,05/09/2022,,,Ventes,Gestionnaire CRM
37,Owens,Charles,Homme,21/12/2022,,,Marketing,Chef de projet marketing
38,Smith,Crystal,Homme,22/02/2022,,,Finance,Contrôleur de gestion
39,Garza,Alexa,Homme,14/05/2022,,,RH,Assistant RH
40,Stevens,Spencer,Homme,19/12/2022,,,Marketing,Category manager
41,Best,Alex,Homme,11/02/2022,,,Informatique,Webmaster
42,Richards,Robert,Homme,06/02/2022,,,Finance,Auditeur interne
43,Durham,Jennifer,Homme,29/05/2022,,,Ventes,Responsable commercial
44,Moore,Michelle,Femme,24/03/2022,24/05/2022,Retraite,Informatique,Administrateur système
45,Foster,Gilbert,Femme,07/12/2022,,,RH,Contrôleur de gestion sociale
46,Harper,Gloria,Homme,16/08/2022,,,Ventes,Chargé d’affaires
47,Thomas,Nancy,Homme,15/02/2022,,,Informatique,Administrateur système
48,Morales,William,Homme,03/08/2022,,,Informatique,Webmaster
49,Cox,Joseph,Femme,13/01/2022,,,Informatique,Responsable sécurité informatique
50,Thompson,Brian,Femme,26/03/2022,,,Finance,Auditeur interne
51,Gibson,James,Femme,05/10/2022,,,RH,Contrôleur de gestion sociale
52,Jimenez,Stacy,Femme,15/09/2022,,,Finance,Assistant de gestion
53,Woods,Lori,Homme,05/09/2022,01/12/2022,Démission,RH,Assistant RH
54,Harris,Melissa,Homme,20/11/2022,,,Finance,Comptable
55,Hood,Michael,Homme,27/01/2022,,,Ventes,Gestionnaire CRM
56,King,David,Homme,08/01/2022,,,Ventes,Gestionnaire CRM
57,Newman,Jane,Homme,13/01/2022,,,Informatique,Responsable sécurité informatique
58,Cantrell,Cody,Homme,05/06/2022,,,Marketing,Chef de projet marketing
59,Ponce,Melissa,Femme,18/10/2022,,,Marketing,Category manager
60,Williamson,Taylor,Femme,02/01/2022,,,Ventes,Gestionnaire CRM
61,Holland,Angelica,Femme,06/10/2022,,,Informatique,Administrateur système
62,Howard,Harold,Femme,16/11/2022,,,Informatique,Responsable sécurité informatique
63,Aguilar,Brandy,Homme,01/03/2022,,,Finance,Comptable
64,Solis,David,Femme,07/07/2022,,,RH,Responsable GPEC GEPP
65,Brown,Jennifer,Femme,21/01/2022,,,Marketing,Chef de projet marketing
66,Castillo,Frank,Femme,24/08/2022,,,Marketing,Responsable marketing
67,Hendrix,Joseph,Femme,23/04/2022,,,Marketing,Chef de projet marketing
68,Luna,Jeanne,Homme,27/05/2022,,,Finance,Auditeur interne
69,Martinez,Patrick,Homme,28/07/2022,,,Marketing,Category manager
70,Jennings,John,Femme,29/05/2022,,,RH,Responsable SIRH
71,Bates,Anna,Homme,23/11/2022,,,Marketing,Ingénieur packaging
72,Gomez,Scott,Homme,17/04/2022,,,Marketing,Assistant marketing
73,Conrad,Kelli,Femme,02/08/2022,,,RH,Contrôleur de gestion sociale
74,Taylor,Heather,Homme,05/06/2022,,,Ventes,Responsable commercial
75,Baker,Patrick,Femme,09/10/2022,,,RH,Assistant RH
76,Rodriguez,Brian,Femme,09/10/2022,,,Marketing,Ingénieur packaging
77,Mahoney,Jessica,Femme,26/03/2022,,,Marketing,Ingénieur packaging
78,Luna,Whitney,Femme,14/03/2022,,,Marketing,Chef de projet marketing
79,Sanders,Kathleen,Femme,22/02/2022,,,Ventes,Responsable commercial
80,Robinson,Amanda,Homme,23/03/2022,08/12/2022,Mise à pied,Finance,Auditeur interne
81,Burke,James,Homme,14/04/2022,,,RH,Responsable GPEC GEPP
82,Ramsey,Justin,Femme,20/02/2022,,,RH,Contrôleur de gestion sociale
83,Gilmore,Tara,Femme,08/06/2022,,,Finance,Assistant de gestion
84,Wright,Justin,Homme,19/07/2022,,,Marketing,Assistant marketing
85,Melton,Anthony,Homme,28/08/2022,,,Informatique,Responsable sécurité informatique
86,Daniel,Haley,Femme,15/02/2022,,,RH,Assistant RH
87,Mills,Wendy,Femme,20/02/2022,,,Marketing,Responsable marketing
88,Larsen,Timothy,Femme,31/05/2022,,,Ventes,Gestionnaire CRM
89,Gonzalez,Justin,Femme,23/08/2022,,,Informatique,Responsable sécurité informatique
90,Cooley,Amanda,Homme,26/11/2022,,,Marketing,Responsable marketing
91,Harmon,Colleen,Homme,15/09/2022,,,Finance,Auditeur interne
92,Bailey,Jessica,Homme,06/05/2022,,,RH,Assistant RH
93,Allen,Jennifer,Femme,11/01/2022,,,RH,Assistant RH
94,Lewis,Sean,Femme,09/04/2022,,,Marketing,Assistant marketing
95,Moore,Heather,Femme,08/08/2022,,,RH,Gestionnaire paie
96,Bell,Erin,Femme,30/08/2022,,,RH,Responsable GPEC GEPP
97,Cole,Barbara,Femme,08/05/2022,,,Ventes,Animateur SAV
98,Smith,Kathryn,Homme,01/07/2022,,,Informatique,Administrateur réseaux
99,Stokes,Emily,Femme,24/01/2022,,,RH,Responsable GPEC GEPP
100,Carney,Gary,Homme,28/04/2022,,,Ventes,Gestionnaire CRM
101,Allison,Ernest,Homme,01/12/2022,,,Marketing,Category manager
102,Contreras,Allen,Femme,28/07/2022,,,Marketing,Chef de projet marketing
103,Navarro,Joseph,Homme,31/08/2022,,,Informatique,Webmaster
104,Robinson,Nicole,Homme,21/07/2022,,,Finance,Auditeur interne
105,Stevens,Corey,Femme,16/08/2022,,,RH,Responsable GPEC GEPP
106,Reeves,Mark,Homme,15/06/2022,,,Marketing,Assistant marketing
107,Owens,Roy,Homme,04/03/2022,,,RH,Responsable GPEC GEPP
108,Hensley,Bryan,Homme,15/09/2022,,,Marketing,Ingénieur packaging
109,Mcconnell,Hannah,Homme,17/05/2022,,,RH,Responsable GPEC GEPP
110,Riggs,Ronald,Femme,03/01/2022,,,Informatique,Webmaster
111,Johnson,Kathryn,Homme,17/09/2022,,,Finance,Assistant de gestion
112,Stewart,Elizabeth,Homme,23/11/2022,,,Finance,Assistant de gestion
113,Smith,Amber,Homme,30/12/2022,,,Marketing,Chef de projet marketing
114,Davis,Paula,Homme,13/03/2022,,,Informatique,Data engineer
115,Garcia,Harry,Homme,23/12/2022,,,Informatique,Data engineer
116,Moore,Dylan,Femme,21/02/2022,,,RH,Assistant RH
117,Thomas,Beth,Femme,18/04/2022,,,Ventes,Gestionnaire CRM
118,Ramirez,Marc,Femme,06/01/2022,21/08/2022,Mise à pied,RH,Responsable SIRH
119,Vang,Cathy,Homme,25/07/2022,,,Marketing,Ingénieur packaging
120,Marshall,Shane,Femme,11/03/2022,,,RH,Gestionnaire paie
121,Moore,Heather,Femme,17/11/2022,,,Informatique,Webmaster
122,Henderson,Raymond,Homme,17/03/2022,,,Finance,Contrôleur de gestion
123,Owens,Mary,Homme,28/09/2022,,,Ventes,Chargé d’affaires
124,James,Tammy,Homme,18/04/2022,,,RH,Gestionnaire paie
125,Anderson,Louis,Homme,17/10/2022,,,RH,Contrôleur de gestion sociale
126,Parrish,John,Homme,05/05/2022,,,Informatique,Administrateur réseaux
127,Jones,Ricardo,Femme,06/10/2022,,,RH,Gestionnaire paie
128,Arnold,Daniel,Homme,17/07/2022,,,Informatique,Administrateur réseaux
129,Mercado,Dustin,Femme,17/06/2022,,,Ventes,Animateur SAV
130,Brown,Rodney,Homme,03/11/2022,,,Finance,Analyste financier
131,Wilkinson,Kayla,Homme,20/08/2022,,,RH,Gestionnaire paie
132,Ward,Michael,Homme,13/06/2022,,,Informatique,Responsable sécurité informatique
133,Mays,Clifford,Homme,30/05/2022,,,Ventes,Animateur SAV
134,Roman,Penny,Femme,27/04/2022,,,Finance,Contrôleur de gestion
135,Cole,Jodi,Homme,29/03/2022,,,Informatique,Webmaster
136,Boyd,Ryan,Femme,07/02/2022,,,Finance,Comptable
137,Anderson,Rebecca,Femme,27/08/2022,,,Marketing,Category manager
138,Bishop,Joyce,Homme,13/07/2022,,,Ventes,Animateur SAV
139,Hanson,Caleb,Femme,04/03/2022,,,Marketing,Category manager
140,Jackson,Deborah,Homme,01/12/2022,,,Marketing,Assistant marketing
141,Wade,Derrick,Homme,26/12/2022,29/12/2022,Retraite,RH,Contrôleur de gestion sociale
142,Hoffman,Jose,Homme,18/02/2022,,,Finance,Analyste financier
143,Young,Ronald,Homme,30/07/2022,,,Finance,Comptable
144,Howard,Alexandra,Femme,04/07/2022,,,Ventes,Chargé d’affaires
145,Mckenzie,Andrea,Homme,04/02/2022,,,Informatique,Webmaster
146,Chambers,Angela,Homme,09/02/2022,,,Marketing,Assistant marketing
147,Nguyen,Barry,Femme,16/04/2022,,,Informatique,Data engineer
148,Neal,Devin,Femme,23/04/2022,,,Informatique,Responsable sécurité informatique
149,Mack,David,Homme,10/12/2022,,,Informatique,Administrateur système
150,Lyons,Justin,Homme,25/06/2022,,,Ventes,Responsable commercial
151,Larson,Nicholas,Homme,12/12/2022,,,Informatique,Webmaster
152,Williams,Valerie,Homme,26/06/2022,,,Ventes,Gestionnaire CRM
153,Horne,Karla,Homme,03/05/2022,,,Ventes,Chargé d’affaires
154,Wilson,Katie,Homme,16/08/2022,,,Informatique,Administrateur réseaux
155,Morris,Melissa,Homme,24/03/2022,,,Informatique,Responsable sécurité informatique
156,Oneill,Heather,Femme,03/06/2022,,,Ventes,Assistant commercial
157,Aguilar,Donna,Homme,04/05/2022,,,RH,Contrôleur de gestion sociale
158,Steele,Veronica,Homme,02/06/2022,,,Marketing,Ingénieur packaging
159,Welch,Michael,Homme,15/05/2022,,,RH,Responsable GPEC GEPP
160,Harris,Anthony,Femme,01/02/2022,,,RH,Gestionnaire paie
161,Johnson,Micheal,Femme,05/07/2022,,,Marketing,Ingénieur packaging
162,Garcia,James,Femme,24/01/2022,,,Informatique,Webmaster
163,Russo,Tamara,Femme,03/01/2022,,,RH,Gestionnaire paie
164,Hale,Whitney,Femme,10/09/2022,,,RH,Responsable GPEC GEPP
165,Ramos,James,Homme,23/01/2022,,,Finance,Contrôleur de gestion
166,Daniels,Kevin,Homme,03/11/2022,,,Finance,Assistant de gestion
167,King,Jessica,Femme,28/06/2022,,,Informatique,Administrateur système
168,Lucas,Martin,Homme,19/10/2022,,,Informatique,Responsable sécurité informatique
169,Nichols,Sonya,Homme,22/06/2022,,,Finance,Auditeur interne
170,Wright,Tina,Femme,19/02/2022,,,Informatique,Webmaster
171,Franco,Thomas,Femme,27/03/2022,,,Ventes,Gestionnaire CRM
172,Callahan,Tonya,Femme,23/04/2022,,,Informatique,Administrateur réseaux
173,Swanson,James,Femme,23/07/2022,,,Finance,Contrôleur de gestion
174,Cuevas,James,Femme,05/06/2022,,,RH,Responsable SIRH
175,Hernandez,Annette,Femme,08/07/2022,,,Finance,Analyste financier
176,Castro,Brianna,Femme,04/12/2022,,,Finance,Analyste financier
177,Zavala,Wendy,Homme,12/06/2022,,,Ventes,Assistant commercial
178,Lloyd,Christine,Homme,20/07/2022,,,Ventes,Gestionnaire CRM
179,Baker,Kim,Homme,13/05/2022,11/10/2022,Démission,Marketing,Assistant marketing
180,Dennis,Edward,Homme,24/06/2022,,,Ventes,Assistant commercial
181,Cook,Megan,Homme,15/08/2022,,,Marketing,Category manager
182,Gilbert,Frank,Homme,13/10/2022,,,RH,Responsable SIRH
183,Williams,Jessica,Femme,25/03/2022,,,Informatique,Administrateur réseaux
184,Morales,Cheryl,Homme,28/11/2022,,,RH,Responsable GPEC GEPP
185,Munoz,Kristin,Homme,08/05/2022,,,Marketing,Responsable marketing
186,Kelly,Jason,Femme,24/07/2022,,,Ventes,Responsable commercial
187,Edwards,Katherine,Homme,20/07/2022,,,Finance,Contrôleur de gestion
188,Alexander,Carrie,Homme,19/06/2022,,,Finance,Comptable
189,Garcia,Benjamin,Homme,03/07/2022,,,Marketing,Chef de projet marketing
190,Wyatt,Michael,Homme,19/08/2022,,,Finance,Comptable
191,Gibson,Leslie,Homme,05/01/2022,,,RH,Contrôleur de gestion sociale
192,Simmons,Joshua,Homme,24/01/2022,,,Finance,Auditeur interne
193,Mathews,Jesus,Femme,10/12/2022,,,Informatique,Responsable sécurité informatique
194,Wood,Tabitha,Femme,06/06/2022,19/09/2022,Démission,Marketing,Assistant marketing
195,Ryan,Maria,Homme,13/04/2022,,,RH,Responsable GPEC GEPP
196,Jensen,Rachael,Femme,25/12/2022,,,Marketing,Ingénieur packaging
197,Lee,Cynthia,Femme,23/05/2022,,,RH,Contrôleur de gestion sociale
198,Thomas,Austin,Homme,21/05/2022,,,RH,Assistant RH
199,Bell,Lauren,Homme,17/02/2022,,,RH,Responsable GPEC GEPP
200,Cooper,Kevin,Homme,21/08/2022,,,RH,Assistant RH
201,Phillips,Gabriel,Homme,30/09/2022,,,Marketing,Category manager
202,Graham,Heather,Homme,28/04/2022,,,Ventes,Responsable commercial
203,Sherman,Sean,Homme,14/07/2022,,,RH,Responsable SIRH
204,Johnson,Kathy,Homme,15/04/2022,07/08/2022,Retraite,Marketing,Category manager
205,Diaz,Luis,Homme,27/12/2022,,,RH,Contrôleur de gestion sociale
206,Raymond,Craig,Femme,30/08/2022,,,Informatique,Responsable sécurité informatique
207,Perez,Dawn,Homme,23/02/2022,,,Finance,Contrôleur de gestion
208,Marks,Kimberly,Homme,10/02/2022,,,Marketing,Assistant marketing
209,Banks,Timothy,Homme,08/02/2022,,,Marketing,Category manager
210,Cline,Nicholas,Femme,07/12/2022,,,Finance,Auditeur interne
211,Ramos,Marcus,Femme,26/06/2022,,,Informatique,Responsable sécurité informatique
212,Cohen,Christina,Femme,21/04/2022,,,Finance,Comptable
213,Ramirez,Kara,Femme,22/02/2022,,,Finance,Contrôleur de gestion
214,Weiss,Anne,Homme,23/09/2022,,,Informatique,Responsable sécurité informatique
215,Rojas,Victoria,Homme,15/12/2022,26/12/2022,Résiliation,Ventes,Assistant commercial
216,Nguyen,Brett,Femme,16/11/2022,,,RH,Assistant RH
217,Galvan,Elizabeth,Homme,09/09/2022,,,Ventes,Animateur SAV
218,Walker,John,Homme,11/03/2022,,,Ventes,Chargé d’affaires
219,Williams,Steven,Homme,03/10/2022,,,Informatique,Administrateur réseaux
220,Lawrence,Jamie,Femme,29/03/2022,,,Finance,Contrôleur de gestion
221,Wilson,Ashley,Homme,28/06/2022,,,Informatique,Responsable sécurité informatique
222,Nelson,Ronald,Homme,27/06/2022,21/07/2022,Démission,RH,Assistant RH
223,Duncan,Michelle,Homme,17/07/2022,,,Finance,Auditeur interne
224,Davis,Victoria,Femme,05/06/2022,,,Marketing,Category manager
225,Sanchez,Travis,Femme,21/02/2022,,,Ventes,Gestionnaire CRM
226,Hayes,Sarah,Homme,10/11/2022,,,Ventes,Assistant commercial
227,Garcia,Alexander,Homme,12/06/2022,,,Marketing,Category manager
228,Whitehead,Deanna,Femme,15/10/2022,,,Marketing,Ingénieur packaging
229,Wong,Aaron,Homme,17/09/2022,,,Ventes,Assistant commercial
230,Campbell,Nathan,Homme,08/08/2022,,,RH,Responsable GPEC GEPP
231,Garcia,Cody,Femme,10/12/2022,,,Informatique,Responsable sécurité informatique
232,Bowen,Anthony,Femme,28/06/2022,,,RH,Responsable SIRH
233,Johns,Andrea,Femme,04/03/2022,23/11/2022,Mise à pied,Ventes,Animateur SAV
234,Leach,Brian,Femme,11/05/2022,,,Informatique,Administrateur réseaux
235,Chang,James,Homme,07/10/2022,,,Marketing,Ingénieur packaging
236,Hooper,Richard,Homme,28/06/2022,,,RH,Contrôleur de gestion sociale
237,Savage,Scott,Homme,28/01/2022,,,Ventes,Responsable commercial
238,Gibson,Louis,Femme,25/12/2022,,,RH,Responsable GPEC GEPP
239,Martinez,Theresa,Femme,30/05/2022,,,Marketing,Category manager
240,Wolfe,Michele,Homme,26/09/2022,,,RH,Assistant RH
241,Vance,David,Homme,05/04/2022,,,RH,Contrôleur de gestion sociale
242,Garcia,Amanda,Femme,02/05/2022,,,Informatique,Responsable sécurité informatique
243,Cooley,Thomas,Femme,22/08/2022,,,Marketing,Ingénieur packaging
244,Berry,John,Femme,28/05/2022,,,Finance,Auditeur interne
245,Nelson,Anna,Homme,25/06/2022,,,Marketing,Chef de projet marketing
246,Holt,Samuel,Homme,02/11/2022,,,Marketing,Ingénieur packaging
247,Morris,Justin,Homme,06/02/2022,,,Marketing,Responsable marketing
248,Hess,Stephanie,Homme,19/12/2022,,,RH,Gestionnaire paie
249,Allen,Deanna,Homme,19/05/2022,,,Ventes,Assistant commercial
250,Martin,Brenda,Femme,29/06/2022,,,Informatique,Responsable sécurité informatique
251,Jackson,Jeremy,Homme,22/02/2022,,,Informatique,Webmaster
252,Willis,Connie,Femme,17/11/2022,,,RH,Responsable GPEC GEPP
253,Jones,Chelsea,Femme,15/04/2022,,,Informatique,Responsable sécurité informatique
254,Mata,Stephen,Homme,02/10/2022,,,Ventes,Gestionnaire CRM
255,Flores,Paula,Homme,01/11/2022,,,Informatique,Data engineer
256,Best,David,Femme,19/09/2022,,,Finance,Comptable
257,West,Pamela,Homme,25/01/2022,,,RH,Contrôleur de gestion sociale
258,Munoz,Amber,Homme,20/12/2022,,,RH,Assistant RH
259,Zuniga,Heather,Femme,11/09/2022,,,RH,Gestionnaire paie
260,Thompson,Stacy,Femme,09/11/2022,,,RH,Gestionnaire paie
261,Strickland,Melissa,Homme,31/07/2022,,,Marketing,Assistant marketing
262,Weiss,Stephanie,Femme,18/01/2022,,,RH,Responsable SIRH
263,Moss,Monica,Homme,19/08/2022,,,Marketing,Category manager
264,Crawford,Amy,Homme,21/03/2022,,,Marketing,Assistant marketing
265,Church,Darren,Homme,21/09/2022,,,Finance,Analyste financier
266,Farley,Kevin,Homme,05/03/2022,,,Informatique,Webmaster
267,Reyes,James,Homme,22/11/2022,,,Marketing,Category manager
268,Williams,Sabrina,Homme,21/07/2022,,,Marketing,Assistant marketing
269,Scott,Sharon,Femme,21/06/2022,,,Finance,Analyste financier
270,Lopez,Richard,Femme,06/09/2022,,,Ventes,Gestionnaire CRM
271,Marks,Blake,Femme,28/07/2022,,,Marketing,Ingénieur packaging
272,Cole,Carrie,Femme,08/10/2022,,,Ventes,Responsable commercial
273,Turner,Paul,Homme,15/09/2022,,,Ventes,Responsable commercial
274,Bailey,Christina,Homme,13/09/2022,,,Ventes,Chargé d’affaires
275,Anderson,Dawn,Homme,24/10/2022,,,RH,Contrôleur de gestion sociale
276,Arroyo,Sandra,Homme,13/01/2022,,,Ventes,Assistant commercial
277,Beasley,Jeffrey,Homme,13/12/2022,,,RH,Responsable GPEC GEPP
278,Fuller,David,Homme,17/10/2022,,,Finance,Assistant de gestion
279,Cook,Leah,Femme,07/04/2022,,,RH,Contrôleur de gestion sociale
280,Johnson,Travis,Femme,14/05/2022,,,RH,Contrôleur de gestion sociale
281,Garcia,Michael,Homme,09/08/2022,,,Marketing,Category manager
282,Smith,Crystal,Femme,14/03/2022,,,RH,Responsable GPEC GEPP
283,Paul,Timothy,Homme,06/01/2022,,,Informatique,Administrateur réseaux
284,Collins,Connor,Homme,09/01/2022,,,Ventes,Responsable commercial
285,Riley,Karen,Homme,04/07/2022,,,Finance,Auditeur interne
286,Martinez,Timothy,Homme,28/09/2022,,,Informatique,Data engineer
287,Henry,Stacy,Femme,15/07/2022,,,Finance,Comptable
288,Boone,Lisa,Femme,03/03/2022,,,Marketing,Category manager
289,Jackson,Justin,Homme,02/02/2022,,,Ventes,Animateur SAV
290,Mccullough,Greg,Femme,25/12/2022,,,Informatique,Data engineer
291,Perez,Justin,Femme,11/03/2022,,,Informatique,Data engineer
292,Smith,Dennis,Femme,09/06/2022,,,Marketing,Assistant marketing
293,Adams,Courtney,Femme,19/04/2022,,,RH,Responsable GPEC GEPP
294,Wright,Amanda,Femme,10/10/2022,,,Ventes,Animateur SAV
295,Moore,Travis,Homme,13/08/2022,,,Ventes,Assistant commercial
296,Reid,Corey,Homme,28/10/2022,,,Marketing,Category manager
297,Woods,Heather,Homme,13/06/2022,,,Marketing,Responsable marketing
298,Rios,Erica,Homme,17/02/2022,,,Informatique,Data engineer
299,Jarvis,Lisa,Femme,14/12/2022,,,Marketing,Ingénieur packaging
300,Williams,Matthew,Homme,27/09/2022,,,Ventes,Assistant commercial
301,Moore,Wendy,Femme,01/03/2022,,,Informatique,Data engineer
302,Thomas,Roberta,Femme,05/06/2022,,,Ventes,Gestionnaire CRM
303,White,Megan,Femme,28/03/2022,,,Finance,Comptable
304,Humphrey,Thomas,Homme,18/01/2022,,,Finance,Analyste financier
305,Morales,Michele,Homme,11/12/2022,,,Ventes,Chargé d’affaires
306,Parker,Patrick,Femme,29/04/2022,,,Ventes,Animateur SAV
307,Ross,Kenneth,Homme,08/08/2022,,,Marketing,Assistant marketing
308,Howard,Karen,Homme,12/05/2022,,,Marketing,Category manager
309,Edwards,Amber,Femme,09/06/2022,,,Informatique,Webmaster
310,Salinas,Joseph,Homme,27/01/2022,09/02/2022,Retraite,Informatique,Administrateur système
311,Odonnell,Amy,Femme,21/08/2022,,,RH,Responsable SIRH
312,Hickman,Brent,Homme,01/06/2022,,,Marketing,Responsable marketing
313,Martinez,Sara,Femme,20/05/2022,,,Informatique,Administrateur réseaux
314,Warren,Regina,Homme,04/10/2022,,,Ventes,Assistant commercial
315,Yoder,Debra,Homme,27/07/2022,,,RH,Contrôleur de gestion sociale
316,Smith,Emily,Homme,13/05/2022,,,Finance,Comptable
317,Taylor,Thomas,Homme,14/06/2022,,,Informatique,Data engineer
318,Wright,Betty,Homme,04/06/2022,,,Informatique,Administrateur réseaux
319,Young,Alyssa,Femme,25/09/2022,,,RH,Contrôleur de gestion sociale
320,Chang,Olivia,Femme,25/01/2022,28/05/2022,Démission,Finance,Auditeur interne
321,Obrien,Drew,Femme,24/06/2022,,,Ventes,Chargé d’affaires
322,Molina,Courtney,Homme,22/12/2022,,,Marketing,Chef de projet marketing
323,Banks,Colleen,Femme,29/09/2022,,,Ventes,Gestionnaire CRM
324,Burgess,Amber,Homme,24/04/2022,,,RH,Responsable SIRH
325,Lewis,Desiree,Homme,06/08/2022,,,Ventes,Assistant commercial
326,Waters,John,Femme,02/12/2022,,,Ventes,Animateur SAV
327,Brady,Christopher,Femme,23/04/2022,,,Ventes,Animateur SAV
328,Giles,Jeremy,Femme,09/03/2022,,,Marketing,Category manager
329,Moss,Samantha,Homme,05/08/2022,,,Ventes,Animateur SAV
330,Reed,Mary,Femme,07/03/2022,,,Informatique,Administrateur système
331,Campos,Anne,Femme,09/03/2022,,,Marketing,Ingénieur packaging
332,Lewis,Benjamin,Femme,09/12/2022,,,Finance,Analyste financier
333,Thompson,Jason,Homme,08/09/2022,,,Ventes,Animateur SAV
334,Underwood,David,Homme,19/06/2022,,,RH,Contrôleur de gestion sociale
335,Armstrong,Laura,Homme,01/11/2022,,,Informatique,Responsable sécurité informatique
336,Freeman,Michelle,Femme,15/06/2022,,,RH,Assistant RH
337,Pena,Jacqueline,Homme,29/03/2022,,,Ventes,Chargé d’affaires
338,Gonzalez,Jimmy,Femme,24/06/2022,,,RH,Responsable SIRH
339,Dodson,Jose,Femme,23/12/2022,,,Informatique,Administrateur réseaux
340,Hartman,Anthony,Femme,26/10/2022,,,Ventes,Gestionnaire CRM
341,Owen,Kathryn,Femme,31/08/2022,,,Ventes,Responsable commercial
342,Cobb,Michael,Femme,16/09/2022,,,Marketing,Assistant marketing
343,Green,Patricia,Homme,28/10/2022,,,Marketing,Chef de projet marketing
344,Lee,David,Homme,26/05/2022,,,Ventes,Gestionnaire CRM
345,Franklin,Walter,Femme,08/03/2022,,,Informatique,Responsable sécurité informatique
346,Chang,Todd,Homme,28/12/2022,,,RH,Responsable GPEC GEPP
347,Russell,Christopher,Homme,05/02/2022,,,RH,Responsable SIRH
348,Underwood,Nicholas,Homme,15/02/2022,,,Marketing,Ingénieur packaging
349,Weiss,Jasmine,Homme,04/11/2022,,,RH,Responsable GPEC GEPP
350,Vasquez,Eric,Femme,22/01/2022,,,Marketing,Responsable marketing
351,Jones,Brandy,Homme,22/07/2022,,,Marketing,Chef de projet marketing
352,Andrade,John,Femme,15/05/2022,,,RH,Responsable SIRH
353,Bailey,Steven,Homme,19/07/2022,,,Informatique,Administrateur réseaux
354,Bush,Vanessa,Homme,27/03/2022,,,Finance,Auditeur interne
355,Roman,Cameron,Homme,20/03/2022,,,Finance,Comptable
356,Valdez,Jodi,Homme,25/10/2022,,,RH,Contrôleur de gestion sociale
357,Cruz,Tiffany,Femme,29/12/2022,,,RH,Contrôleur de gestion sociale
358,Bruce,Travis,Homme,01/12/2022,,,Ventes,Responsable commercial
359,Cook,Kelly,Femme,03/06/2022,,,Informatique,Administrateur système
360,Mcmillan,Vickie,Homme,05/09/2022,,,Marketing,Chef de projet marketing
361,Lee,Jose,Femme,14/09/2022,,,Informatique,Data engineer
362,Lewis,Michelle,Femme,28/02/2022,,,Finance,Assistant de gestion
363,Wells,Sharon,Femme,15/05/2022,11/07/2022,Retraite,Ventes,Animateur SAV
364,Estrada,Candice,Homme,28/07/2022,,,RH,Assistant RH
365,Williamson,Christine,Femme,06/09/2022,,,Marketing,Chef de projet marketing
366,Flores,Joshua,Femme,29/09/2022,,,Finance,Assistant de gestion
367,Baker,Donald,Homme,06/10/2022,,,RH,Gestionnaire paie
368,Pena,Joseph,Homme,30/12/2022,,,Finance,Assistant de gestion
369,Long,Steven,Homme,15/03/2022,,,Informatique,Data engineer
370,Woods,Todd,Homme,21/04/2022,,,Informatique,Data engineer
371,Hendrix,Summer,Femme,03/05/2022,,,Ventes,Chargé d’affaires
372,Gonzalez,Dennis,Homme,20/04/2022,,,Finance,Assistant de gestion
373,Wise,Kathryn,Femme,06/10/2022,,,Ventes,Chargé d’affaires
374,Zimmerman,Kelly,Homme,09/06/2022,,,Informatique,Data engineer
375,Mckinney,Kathy,Femme,05/02/2022,,,Ventes,Gestionnaire CRM
376,Porter,Timothy,Femme,19/02/2022,,,RH,Assistant RH
377,Gomez,Heather,Femme,05/03/2022,,,Finance,Assistant de gestion
378,Bridges,Becky,Homme,06/06/2022,,,RH,Responsable SIRH
379,Anderson,Colleen,Homme,01/09/2022,,,RH,Assistant RH
380,Barnett,Susan,Femme,13/11/2022,,,Ventes,Animateur SAV
381,Huber,Jason,Femme,11/09/2022,,,Ventes,Gestionnaire CRM
382,Trevino,Timothy,Homme,25/01/2022,,,Ventes,Assistant commercial
383,Moore,Daniel,Femme,17/09/2022,,,Informatique,Administrateur système
384,Hardy,Adrienne,Femme,04/09/2022,,,Finance,Analyste financier
385,Porter,Michele,Femme,09/09/2022,,,Ventes,Animateur SAV
386,Hancock,Madison,Homme,12/05/2022,,,Informatique,Administrateur réseaux
387,Schmidt,Diamond,Homme,15/11/2022,,,Finance,Auditeur interne
388,Hardin,Derek,Homme,08/07/2022,,,Ventes,Gestionnaire CRM
389,Wells,Virginia,Homme,02/03/2022,,,Marketing,Category manager
390,Sexton,Jean,Femme,08/10/2022,26/12/2022,Résiliation,Informatique,Responsable sécurité informatique
391,Schneider,Jerry,Homme,15/11/2022,,,Ventes,Responsable commercial
392,Todd,Roberta,Femme,05/09/2022,,,Finance,Comptable
393,Freeman,Tracy,Homme,16/12/2022,,,RH,Gestionnaire paie
394,Gibson,Marvin,Homme,11/09/2022,,,Informatique,Administrateur système
395,Davis,Diana,Homme,23/02/2022,,,Marketing,Responsable marketing
396,Wall,Zachary,Homme,26/05/2022,,,RH,Responsable GPEC GEPP
397,Johnson,Dennis,Homme,09/04/2022,,,RH,Assistant RH
398,Johnson,Joel,Femme,06/03/2022,,,Finance,Comptable
399,Jones,Joshua,Femme,18/01/2022,,,Informatique,Responsable sécurité informatique
400,Sims,Brent,Femme,24/04/2022,,,Ventes,Gestionnaire CRM
401,Gross,Jessica,Homme,04/10/2022,,,RH,Contrôleur de gestion sociale
402,Hernandez,Ashley,Homme,02/03/2022,,,Informatique,Data engineer
403,Mathews,Adam,Homme,30/07/2022,,,Finance,Analyste financier
404,Myers,Larry,Homme,21/07/2022,,,RH,Gestionnaire paie
405,Reynolds,Kimberly,Femme,26/09/2022,,,Finance,Analyste financier
406,Moore,Eileen,Homme,09/08/2022,,,Marketing,Category manager
407,Allen,Karen,Homme,25/12/2022,,,RH,Contrôleur de gestion sociale
408,Johnson,Julie,Homme,08/09/2022,,,Informatique,Responsable sécurité informatique
409,Gonzalez,Mary,Homme,02/07/2022,,,RH,Responsable GPEC GEPP
410,Green,Lawrence,Femme,14/03/2022,,,Informatique,Responsable sécurité informatique
411,Jackson,Leslie,Homme,10/01/2022,,,Ventes,Gestionnaire CRM
412,Jackson,David,Homme,13/05/2022,,,Finance,Auditeur interne
413,Morrow,Lisa,Homme,24/10/2022,,,Informatique,Administrateur système
414,Davis,William,Homme,04/06/2022,,,Finance,Auditeur interne
415,Wilson,Austin,Femme,26/04/2022,,,Marketing,Assistant marketing
416,Bell,Tina,Femme,17/08/2022,,,Marketing,Ingénieur packaging
417,Lopez,Olivia,Homme,28/08/2022,,,Informatique,Responsable sécurité informatique
418,Perez,Alexis,Femme,12/11/2022,,,Finance,Assistant de gestion
419,Davis,Erik,Femme,09/01/2022,,,Marketing,Responsable marketing
420,Skinner,Brian,Homme,18/07/2022,,,Marketing,Ingénieur packaging
421,Maxwell,Andrew,Homme,12/08/2022,,,Ventes,Chargé d’affaires
422,Rogers,Laurie,Femme,09/06/2022,,,Ventes,Assistant commercial
423,Potter,Gregory,Femme,10/10/2022,,,Informatique,Administrateur réseaux
424,Thompson,Caleb,Femme,02/10/2022,,,Informatique,Responsable sécurité informatique
425,Brown,Pamela,Homme,05/07/2022,,,Ventes,Animateur SAV
426,Warren,Paul,Femme,09/10/2022,,,Ventes,Responsable commercial
427,Mckinney,Patrick,Femme,15/07/2022,,,Finance,Assistant de gestion
428,Jones,Timothy,Homme,02/07/2022,,,Finance,Contrôleur de gestion
429,Christian,Angela,Homme,25/09/2022,,,Ventes,Animateur SAV
430,Hall,Kenneth,Homme,07/01/2022,,,Ventes,Responsable commercial
431,Smith,Angela,Femme,19/10/2022,,,Finance,Auditeur interne
432,Peters,Theresa,Femme,03/02/2022,,,RH,Responsable SIRH
433,Henry,Patricia,Homme,18/04/2022,,,Marketing,Assistant marketing
434,Cooper,Beth,Homme,13/04/2022,,,RH,Assistant RH
435,Gray,Patrick,Femme,01/12/2022,,,RH,Responsable SIRH
436,Pace,Kayla,Femme,19/08/2022,,,RH,Assistant RH
437,Tyler,Christian,Homme,09/08/2022,,,Informatique,Data engineer
438,Scott,Michelle,Femme,07/01/2022,,,Marketing,Responsable marketing
439,Webster,Heather,Femme,10/01/2022,,,Finance,Assistant de gestion
440,Kennedy,Tanya,Femme,26/07/2022,,,Informatique,Administrateur système
441,Jackson,Laura,Homme,14/01/2022,,,Ventes,Assistant commercial
442,Myers,Lisa,Homme,30/12/2022,,,Informatique,Administrateur système
443,Morris,Gregory,Homme,03/07/2022,,,Marketing,Assistant marketing
444,Rhodes,Stephanie,Homme,06/01/2022,,,Finance,Contrôleur de gestion
445,Dennis,Charles,Femme,21/01/2022,,,Finance,Contrôleur de gestion
446,Hurley,Erica,Homme,09/09/2022,,,RH,Contrôleur de gestion sociale
447,Garrett,Jordan,Femme,22/04/2022,,,Informatique,Responsable sécurité informatique
448,Reynolds,Dustin,Homme,19/07/2022,,,Marketing,Chef de projet marketing
449,Ford,Eric,Homme,30/08/2022,,,Ventes,Animateur SAV
450,Baxter,Caitlin,Femme,15/05/2022,,,RH,Responsable SIRH
451,Riley,Alison,Homme,24/04/2022,,,Finance,Assistant de gestion
452,Robinson,Dale,Homme,05/06/2022,,,Finance,Auditeur interne
453,Bell,William,Femme,15/12/2022,,,Informatique,Webmaster
454,Jordan,Anna,Homme,14/12/2022,,,RH,Contrôleur de gestion sociale
455,Cox,Sharon,Femme,11/11/2022,,,Informatique,Webmaster
456,Jones,Natasha,Homme,25/04/2022,,,RH,Gestionnaire paie
457,Perry,Pamela,Homme,30/01/2022,31/03/2022,Résiliation,Finance,Assistant de gestion
458,Morris,Tony,Femme,17/12/2022,,,Informatique,Responsable sécurité informatique
459,Hunter,Aaron,Femme,07/01/2022,,,Finance,Assistant de gestion
460,Smith,David,Femme,21/02/2022,,,RH,Assistant RH
461,Taylor,Henry,Homme,07/01/2022,,,RH,Gestionnaire paie
462,Byrd,Joseph,Homme,24/11/2022,,,RH,Assistant RH
463,Cardenas,Wendy,Femme,27/11/2022,,,Marketing,Assistant marketing
464,Lopez,Jenny,Femme,26/12/2022,,,Marketing,Ingénieur packaging
465,Norris,Nicole,Femme,29/05/2022,01/09/2022,Mise à pied,Marketing,Category manager
466,Pham,Veronica,Femme,02/08/2022,,,Finance,Assistant de gestion
467,York,Ronald,Homme,10/06/2022,13/11/2022,Mise à pied,Finance,Assistant de gestion
468,Gomez,Brianna,Femme,17/01/2022,,,RH,Responsable SIRH
469,Norris,Michelle,Femme,20/03/2022,,,Marketing,Ingénieur packaging
470,Collins,Sarah,Femme,16/09/2022,01/12/2022,Mise à pied,Finance,Auditeur interne
471,Bell,Jesus,Homme,02/09/2022,,,Ventes,Animateur SAV
472,Hansen,Robert,Homme,04/08/2022,,,Finance,Comptable
473,Calhoun,Deborah,Femme,22/06/2022,,,RH,Gestionnaire paie
474,Mitchell,Bradley,Homme,27/10/2022,,,Informatique,Data engineer
475,Lane,Kendra,Homme,13/10/2022,,,Informatique,Administrateur réseaux
476,Perkins,Daniel,Homme,25/06/2022,,,Finance,Assistant de gestion
477,Cain,Erin,Femme,23/09/2022,,,Informatique,Webmaster
478,Meyers,Jeremy,Femme,28/04/2022,,,Ventes,Gestionnaire CRM
479,Barajas,Thomas,Femme,12/01/2022,,,Marketing,Category manager
480,Norman,Monica,Femme,16/05/2022,,,Marketing,Assistant marketing
481,Reese,Gary,Femme,21/10/2022,,,Marketing,Chef de projet marketing
482,Williams,Roy,Homme,03/02/2022,,,RH,Contrôleur de gestion sociale
483,Stanley,Antonio,Homme,31/01/2022,,,RH,Gestionnaire paie
484,Pena,Amanda,Femme,01/05/2022,,,Finance,Auditeur interne
485,Hansen,Jessica,Femme,23/08/2022,,,Ventes,Gestionnaire CRM
486,Johnson,Jacob,Homme,25/07/2022,,,Ventes,Responsable commercial
487,Miller,Susan,Femme,30/07/2022,,,Ventes,Assistant commercial
488,Mahoney,William,Homme,28/09/2022,09/11/2022,Mise à pied,Informatique,Responsable sécurité informatique
489,Mcbride,Brett,Femme,05/10/2022,,,RH,Gestionnaire paie
490,Thornton,Brandon,Femme,28/07/2022,,,RH,Assistant RH
491,Walker,Jessica,Femme,25/02/2022,,,Marketing,Chef de projet marketing
492,Contreras,Kelsey,Homme,09/09/2022,,,Marketing,Ingénieur packaging
493,Ellis,John,Femme,17/05/2022,,,Finance,Comptable
494,Dominguez,Joe,Femme,15/11/2022,,,Marketing,Chef de projet marketing
495,Marks,David,Homme,01/10/2022,,,Marketing,Assistant marketing
496,Humphrey,Dwayne,Femme,22/10/2022,,,Marketing,Ingénieur packaging
497,Parrish,Walter,Femme,23/10/2022,,,Ventes,Responsable commercial
498,Pittman,David,Femme,24/07/2022,,,RH,Responsable GPEC GEPP
499,Knight,Stephanie,Homme,18/04/2022,,,Finance,Assistant de gestion
500,Maxwell,Samuel,Femme,01/11/2022,,,RH,Responsable GPEC GEPP
501,Mathews,Tamara,Femme,28/02/2022,,,Marketing,Category manager
502,Blankenship,Brandon,Femme,01/04/2022,,,Ventes,Gestionnaire CRM
503,Valentine,Stuart,Femme,29/11/2022,,,Finance,Comptable
504,Banks,Diana,Femme,04/02/2022,,,Marketing,Responsable marketing
505,Nash,Katherine,Femme,15/04/2022,,,RH,Gestionnaire paie
506,Merritt,Mark,Femme,22/12/2022,,,RH,Responsable SIRH
507,Pacheco,Kevin,Homme,27/09/2022,,,Ventes,Chargé d’affaires
508,Gomez,Tanya,Femme,15/01/2022,,,Informatique,Administrateur réseaux
509,Miller,Rebecca,Homme,29/05/2022,,,Marketing,Chef de projet marketing
510,Carter,Jack,Femme,10/08/2022,,,Finance,Comptable
511,Silva,Donna,Femme,27/11/2022,,,Informatique,Responsable sécurité informatique
512,Bailey,Jeffrey,Homme,19/05/2022,,,Ventes,Assistant commercial
513,Sanchez,Tony,Homme,26/03/2022,,,Marketing,Ingénieur packaging
514,Rosales,Luis,Femme,21/12/2022,,,Ventes,Responsable commercial
515,Walsh,Christine,Femme,09/06/2022,,,Informatique,Data engineer
516,Anderson,Pamela,Homme,06/01/2022,04/02/2022,Retraite,Finance,Auditeur interne
517,Johnson,Carly,Homme,16/03/2022,,,Marketing,Ingénieur packaging
518,Pierce,Matthew,Femme,23/11/2022,09/12/2022,Retraite,Marketing,Category manager
519,Stone,Kevin,Femme,16/08/2022,,,Ventes,Responsable commercial
520,Richardson,Scott,Femme,06/01/2022,,,Ventes,Chargé d’affaires
521,Cohen,Geoffrey,Homme,13/01/2022,,,Finance,Assistant de gestion
522,Mitchell,Mackenzie,Homme,23/04/2022,,,Finance,Analyste financier
523,Bautista,Nicole,Femme,31/05/2022,,,Ventes,Chargé d’affaires
524,Colon,Brooke,Femme,21/09/2022,,,RH,Responsable SIRH
525,Franco,Meghan,Femme,18/01/2022,,,RH,Responsable GPEC GEPP
526,Thompson,Briana,Homme,03/02/2022,,,Informatique,Data engineer
527,Simon,Heather,Homme,23/06/2022,,,Informatique,Administrateur réseaux
528,Rodgers,Patrick,Homme,18/10/2022,,,Ventes,Assistant commercial
529,Johnson,Brian,Femme,21/11/2022,,,Finance,Comptable
530,Long,Audrey,Femme,03/03/2022,,,RH,Responsable GPEC GEPP
531,Johnson,Michael,Femme,05/06/2022,,,Marketing,Chef de projet marketing
532,Vaughn,Christopher,Femme,29/12/2022,,,Ventes,Animateur SAV
533,Nelson,Jeremy,Femme,21/08/2022,,,RH,Assistant RH
534,Kim,Michelle,Femme,01/06/2022,,,RH,Gestionnaire paie
535,Brooks,Rebecca,Femme,19/04/2022,,,Finance,Contrôleur de gestion
536,Kim,Emily,Homme,10/02/2022,,,Ventes,Responsable commercial
537,Morris,Kelly,Homme,27/10/2022,,,Ventes,Responsable commercial
538,Ray,Monique,Homme,28/02/2022,,,RH,Responsable SIRH
539,Warner,Aaron,Homme,13/09/2022,,,Informatique,Webmaster
540,Payne,Tiffany,Homme,14/12/2022,,,Ventes,Assistant commercial
541,Parker,Sara,Femme,18/07/2022,,,Marketing,Category manager
542,Aguilar,Jennifer,Homme,19/05/2022,,,Finance,Assistant de gestion
543,Anderson,Brian,Homme,25/11/2022,,,Finance,Analyste financier
544,Jackson,Austin,Homme,26/09/2022,,,Ventes,Animateur SAV
545,Campbell,Kelli,Femme,26/07/2022,,,Finance,Analyste financier
546,Lamb,Kathy,Homme,30/12/2022,,,Informatique,Webmaster
547,Wright,James,Femme,05/07/2022,,,Ventes,Gestionnaire CRM
548,Simpson,Kristy,Homme,28/06/2022,,,Marketing,Assistant marketing
549,Johnson,Clinton,Homme,17/04/2022,,,Informatique,Webmaster
550,Hernandez,Mark,Femme,11/12/2022,,,RH,Responsable GPEC GEPP
551,Dixon,Bethany,Femme,27/01/2022,,,Finance,Assistant de gestion
552,Campbell,Amber,Femme,10/08/2022,,,Marketing,Ingénieur packaging
553,Johnson,Megan,Homme,11/07/2022,,,Ventes,Assistant commercial
554,Hale,Maria,Femme,22/03/2022,,,Ventes,Gestionnaire CRM
555,Murphy,Susan,Femme,25/02/2022,,,Marketing,Category manager
556,Pennington,Emily,Femme,13/09/2022,,,Finance,Comptable
557,Beck,Frank,Femme,01/10/2022,,,Informatique,Data engineer
558,Thomas,Christina,Femme,01/02/2022,,,Finance,Contrôleur de gestion
559,Petersen,Carrie,Femme,12/08/2022,,,Ventes,Assistant commercial
560,Thomas,Haley,Femme,30/07/2022,,,Informatique,Responsable sécurité informatique
561,Martin,Samuel,Homme,06/04/2022,,,Informatique,Administrateur réseaux
562,Williams,Amy,Femme,06/11/2022,,,Ventes,Assistant commercial
563,Conrad,John,Homme,27/02/2022,,,RH,Responsable GPEC GEPP
564,Brown,Jodi,Femme,19/11/2022,,,Ventes,Gestionnaire CRM
565,Howe,Mariah,Homme,24/07/2022,,,Informatique,Administrateur réseaux
566,Fischer,Tabitha,Femme,03/01/2022,,,Informatique,Administrateur réseaux
567,Collins,Fernando,Femme,15/11/2022,,,Informatique,Webmaster
568,Ho,Matthew,Femme,19/02/2022,,,Marketing,Responsable marketing
569,Oneal,Emily,Femme,16/10/2022,,,Marketing,Responsable marketing
570,Perry,Kyle,Homme,07/04/2022,,,Marketing,Ingénieur packaging
571,Smith,Amy,Homme,10/04/2022,,,Marketing,Category manager
572,Smith,Laurie,Homme,18/12/2022,,,Marketing,Responsable marketing
573,Anderson,Ashley,Femme,25/04/2022,,,Informatique,Administrateur système
574,Duncan,Andrew,Homme,30/05/2022,,,Ventes,Animateur SAV
575,Perez,Eric,Femme,30/05/2022,,,RH,Assistant RH
576,Cunningham,Robert,Femme,04/12/2022,,,Finance,Comptable
577,Mays,Erin,Homme,21/12/2022,,,Finance,Contrôleur de gestion
578,Garcia,Steven,Femme,10/01/2022,,,RH,Contrôleur de gestion sociale
579,Smith,Sarah,Homme,28/10/2022,,,RH,Assistant RH
580,Morales,Barbara,Homme,15/12/2022,,,Finance,Analyste financier
581,May,Jessica,Homme,15/10/2022,,,Informatique,Responsable sécurité informatique
582,Jackson,Louis,Femme,18/02/2022,,,Finance,Comptable
583,Schultz,Adam,Homme,31/01/2022,,,RH,Contrôleur de gestion sociale
584,Williams,Bethany,Femme,05/11/2022,,,Informatique,Administrateur réseaux
585,Woods,Steven,Homme,14/08/2022,,,Marketing,Chef de projet marketing
586,Taylor,Danielle,Homme,09/01/2022,,,RH,Assistant RH
587,West,Kayla,Femme,29/10/2022,,,Informatique,Administrateur système
588,Scott,Tammy,Femme,24/12/2022,,,Ventes,Assistant commercial
589,Bauer,James,Homme,19/12/2022,,,RH,Responsable SIRH
590,Pierce,Donna,Femme,29/05/2022,,,Informatique,Data engineer
591,Armstrong,Jeremiah,Femme,18/10/2022,,,Informatique,Administrateur réseaux
592,Green,Sara,Homme,18/01/2022,,,Finance,Assistant de gestion
593,Stewart,Alicia,Homme,31/10/2022,,,RH,Contrôleur de gestion sociale
594,Turner,Deborah,Homme,08/11/2022,,,Marketing,Ingénieur packaging
595,Walter,Mary,Femme,21/04/2022,,,Finance,Comptable
596,Hobbs,Melissa,Femme,06/06/2022,,,Informatique,Webmaster
597,Sutton,Barbara,Femme,23/01/2022,,,Ventes,Animateur SAV
598,Rosario,Jenna,Femme,09/05/2022,,,Ventes,Animateur SAV
599,Reeves,Debbie,Homme,10/04/2022,,,Marketing,Category manager
600,Williams,Dennis,Femme,11/08/2022,,,Ventes,Gestionnaire CRM
601,Collins,Kevin,Femme,03/02/2022,,,Informatique,Administrateur système
602,Norton,Chad,Homme,01/02/2022,,,Informatique,Administrateur système
603,Howard,Patrick,Femme,26/05/2022,,,Informatique,Data engineer
604,Mack,Alexandra,Homme,14/01/2022,,,Ventes,Animateur SAV
605,Baker,Julie,Femme,21/09/2022,,,Finance,Assistant de gestion
606,Rollins,Emily,Homme,08/07/2022,,,Ventes,Assistant commercial
607,Mcdaniel,Annette,Homme,23/10/2022,,,Ventes,Animateur SAV
608,White,Christine,Homme,14/11/2022,,,Finance,Auditeur interne
609,Mitchell,Kelly,Femme,07/02/2022,,,RH,Responsable SIRH
610,Swanson,Kelly,Homme,06/09/2022,,,RH,Gestionnaire paie
611,Jones,Amanda,Homme,09/01/2022,,,Finance,Auditeur interne
612,Ross,Cindy,Femme,31/03/2022,,,Informatique,Webmaster
613,Richards,Stacy,Femme,26/06/2022,,,Ventes,Chargé d’affaires
614,Flores,Rita,Femme,28/03/2022,,,Marketing,Ingénieur packaging
615,Thomas,Jennifer,Homme,14/06/2022,,,RH,Contrôleur de gestion sociale
616,Moreno,Courtney,Homme,12/07/2022,,,RH,Contrôleur de gestion sociale
617,Mathis,Charlene,Homme,12/06/2022,,,Ventes,Assistant commercial
618,Hebert,Zachary,Homme,29/05/2022,,,Marketing,Ingénieur packaging
619,Mcbride,Gabrielle,Femme,01/02/2022,,,Ventes,Gestionnaire CRM
620,Copeland,Lee,Femme,22/03/2022,,,Marketing,Category manager
621,Morgan,Michael,Homme,17/08/2022,,,Marketing,Ingénieur packaging
622,Newman,Kathleen,Homme,08/06/2022,,,RH,Responsable SIRH
623,David,Susan,Femme,21/08/2022,,,Ventes,Animateur SAV
624,Bennett,Marisa,Homme,10/12/2022,,,Marketing,Responsable marketing
625,Roach,Sergio,Homme,21/06/2022,,,Marketing,Responsable marketing
626,Duncan,Deborah,Femme,05/08/2022,,,Marketing,Responsable marketing
627,Austin,Courtney,Homme,03/04/2022,,,RH,Responsable SIRH
628,Vasquez,Andrew,Homme,26/05/2022,,,Finance,Comptable
629,Suarez,Veronica,Homme,25/09/2022,,,Marketing,Chef de projet marketing
630,Wilson,Carrie,Homme,03/08/2022,,,Marketing,Assistant marketing
631,Miles,Heather,Femme,26/01/2022,,,Finance,Contrôleur de gestion
632,Lewis,Miranda,Homme,05/07/2022,,,Informatique,Administrateur réseaux
633,Bonilla,Kimberly,Femme,15/03/2022,,,RH,Responsable SIRH
634,Kelly,Jeffrey,Femme,09/04/2022,,,Finance,Assistant de gestion
635,Reyes,Richard,Femme,10/07/2022,,,Informatique,Data engineer
636,Johnson,Alex,Femme,07/07/2022,,,Marketing,Assistant marketing
637,Munoz,Andrea,Homme,06/05/2022,,,RH,Assistant RH
638,Cummings,Deanna,Homme,28/10/2022,,,RH,Responsable GPEC GEPP
639,Webb,Zachary,Femme,22/12/2022,,,Marketing,Ingénieur packaging
640,Walton,Mikayla,Femme,22/04/2022,,,Finance,Assistant de gestion
641,Ellis,Gerald,Homme,04/12/2022,,,Finance,Comptable
642,Davidson,William,Homme,21/12/2022,,,Informatique,Data engineer
643,Rodriguez,Debra,Homme,30/09/2022,,,RH,Contrôleur de gestion sociale
644,Ochoa,Teresa,Homme,24/03/2022,,,Ventes,Responsable commercial
645,Ray,Jordan,Femme,22/05/2022,,,Marketing,Category manager
646,Bray,Jennifer,Homme,19/05/2022,,,Finance,Assistant de gestion
647,Conley,Samantha,Homme,30/12/2022,,,Marketing,Chef de projet marketing
648,Carlson,Amy,Femme,28/07/2022,,,RH,Responsable SIRH
649,Russell,Lori,Homme,02/09/2022,,,Finance,Analyste financier
650,Conner,Juan,Homme,27/06/2022,,,RH,Responsable SIRH
651,Ramirez,Brenda,Femme,19/06/2022,,,Ventes,Animateur SAV
652,Huynh,Matthew,Femme,15/06/2022,,,Ventes,Assistant commercial
653,Rubio,Jason,Homme,08/06/2022,,,Marketing,Responsable marketing
654,Curtis,Jasmine,Femme,22/04/2022,,,Finance,Comptable
655,Keith,Susan,Femme,13/01/2022,,,Marketing,Chef de projet marketing
656,George,Francisco,Femme,19/12/2022,27/12/2022,Retraite,Marketing,Assistant marketing
657,Vasquez,Anthony,Femme,07/01/2022,,,RH,Gestionnaire paie
658,Fox,Adam,Femme,19/03/2022,,,Ventes,Gestionnaire CRM
659,Thornton,Christopher,Femme,24/12/2022,,,Ventes,Gestionnaire CRM
660,Wright,Claudia,Femme,05/02/2022,,,RH,Responsable GPEC GEPP
661,Myers,Olivia,Homme,14/09/2022,,,Finance,Analyste financier
662,Clark,Megan,Femme,16/04/2022,,,Marketing,Category manager
663,Bruce,Diana,Femme,21/08/2022,,,Marketing,Category manager
664,Morgan,Ronald,Homme,14/07/2022,,,Marketing,Category manager
665,Ramirez,Julie,Femme,01/04/2022,,,Finance,Analyste financier
666,Parker,Lawrence,Homme,14/05/2022,,,Marketing,Category manager
667,Thomas,Jeff,Homme,04/10/2022,,,RH,Responsable GPEC GEPP
668,Charles,Diane,Femme,24/01/2022,,,Informatique,Administrateur système
669,Harrell,Kimberly,Homme,10/02/2022,,,RH,Assistant RH
670,Reed,Amanda,Homme,19/08/2022,,,RH,Contrôleur de gestion sociale
671,Hickman,Anna,Homme,10/01/2022,,,Marketing,Chef de projet marketing
672,Landry,Diana,Homme,28/01/2022,,,Finance,Auditeur interne
673,Yates,Julie,Homme,10/01/2022,,,Informatique,Data engineer
674,Bennett,Jeffrey,Femme,16/04/2022,,,Marketing,Ingénieur packaging
675,Huber,Eric,Femme,13/12/2022,,,Informatique,Data engineer
676,Sherman,Emily,Homme,10/12/2022,,,RH,Responsable SIRH
677,Dixon,Victoria,Homme,27/10/2022,,,Ventes,Assistant commercial
678,Jensen,George,Homme,16/07/2022,01/09/2022,Résiliation,Marketing,Chef de projet marketing
679,Jefferson,James,Homme,01/04/2022,,,RH,Responsable GPEC GEPP
680,Pratt,William,Homme,25/01/2022,,,Informatique,Data engineer
681,Alexander,Ronald,Femme,06/09/2022,,,Informatique,Administrateur réseaux
682,Whitehead,Aimee,Femme,12/05/2022,,,Ventes,Responsable commercial
683,Lewis,Harold,Femme,24/06/2022,,,Informatique,Administrateur système
684,Fowler,Erica,Homme,01/01/2022,,,Finance,Analyste financier
685,Gilbert,Donna,Femme,05/08/2022,,,Ventes,Responsable commercial
686,Armstrong,Patricia,Femme,29/05/2022,,,RH,Contrôleur de gestion sociale
687,Bryan,Harry,Femme,01/10/2022,,,Ventes,Chargé d’affaires
688,Hernandez,Paul,Homme,03/09/2022,,,RH,Assistant RH
689,Henderson,Christine,Femme,01/04/2022,,,Informatique,Administrateur système
690,Fitzgerald,Melanie,Homme,07/02/2022,,,RH,Responsable GPEC GEPP
691,Krueger,Shelby,Femme,12/06/2022,,,RH,Contrôleur de gestion sociale
692,Johnson,William,Homme,07/03/2022,,,Marketing,Assistant marketing
693,Smith,Johnny,Femme,23/10/2022,,,Ventes,Responsable commercial
694,Roberts,Steven,Femme,22/10/2022,,,Ventes,Assistant commercial
695,Wilson,Matthew,Homme,05/02/2022,,,Ventes,Gestionnaire CRM
696,Mooney,Gary,Homme,29/09/2022,,,Marketing,Ingénieur packaging
697,Alvarez,Hannah,Femme,10/09/2022,,,Marketing,Category manager
698,Webb,Christopher,Homme,07/01/2022,,,Marketing,Chef de projet marketing
699,Sosa,Adam,Homme,21/10/2022,,,Marketing,Responsable marketing
700,Robinson,Kenneth,Femme,13/02/2022,,,Ventes,Animateur SAV
701,Sandoval,Luis,Femme,16/07/2022,,,Marketing,Chef de projet marketing
702,Tate,Kevin,Femme,12/02/2022,,,Ventes,Gestionnaire CRM
703,Williams,Shannon,Homme,21/02/2022,,,Informatique,Data engineer
704,Sanchez,Edward,Homme,10/03/2022,,,Informatique,Data engineer
705,Blake,Brent,Homme,11/12/2022,,,Marketing,Responsable marketing
706,Martinez,Rebecca,Femme,22/01/2022,09/07/2022,Retraite,Marketing,Assistant marketing
707,Davis,George,Femme,19/08/2022,,,Marketing,Responsable marketing
708,Salas,Tracy,Femme,24/08/2022,,,Ventes,Gestionnaire CRM
709,Armstrong,Melissa,Homme,03/09/2022,,,RH,Assistant RH
710,Murphy,Jennifer,Homme,16/12/2022,,,Marketing,Assistant marketing
711,Barrett,Frances,Femme,22/08/2022,,,Finance,Analyste financier
712,Garcia,Lindsey,Homme,25/05/2022,,,Informatique,Data engineer
713,Joseph,Darlene,Femme,28/06/2022,,,Informatique,Webmaster
714,Manning,Christopher,Homme,13/01/2022,,,RH,Responsable SIRH
715,Smith,Christina,Femme,26/04/2022,,,RH,Assistant RH
716,Murphy,Curtis,Homme,19/02/2022,,,Finance,Analyste financier
717,Eaton,Theresa,Homme,15/08/2022,,,Ventes,Gestionnaire CRM
718,Atkins,Stephanie,Homme,22/05/2022,,,Informatique,Administrateur réseaux
719,Morales,David,Homme,19/03/2022,,,Informatique,Data engineer
720,Cunningham,Destiny,Femme,03/07/2022,,,RH,Gestionnaire paie
721,Fox,Dalton,Femme,24/09/2022,,,Ventes,Animateur SAV
722,Douglas,Benjamin,Homme,31/01/2022,,,RH,Assistant RH
723,Davis,Eric,Femme,07/10/2022,,,RH,Responsable GPEC GEPP
724,Johnson,Christopher,Homme,22/12/2022,22/12/2022,Résiliation,Marketing,Ingénieur packaging
725,Pratt,Christopher,Homme,10/02/2022,,,Marketing,Assistant marketing
726,Bray,Eddie,Homme,07/04/2022,,,Ventes,Responsable commercial
727,Bell,Stephen,Homme,18/03/2022,,,Finance,Comptable
728,Smith,Michael,Homme,11/02/2022,,,Finance,Auditeur interne
729,Chang,Tiffany,Homme,12/08/2022,,,Informatique,Administrateur système
730,Williams,Monique,Homme,29/09/2022,,,Ventes,Animateur SAV
731,Hicks,Sandy,Homme,26/05/2022,,,Ventes,Chargé d’affaires
732,Coleman,Bryce,Femme,02/02/2022,,,RH,Responsable SIRH
733,Mcdaniel,Cristina,Femme,02/05/2022,,,Marketing,Responsable marketing
734,Davis,Carla,Femme,08/05/2022,,,Ventes,Gestionnaire CRM
735,Murray,Jordan,Homme,16/10/2022,,,Marketing,Category manager
736,Short,Martha,Femme,16/04/2022,,,Marketing,Chef de projet marketing
737,Reed,James,Homme,06/12/2022,,,RH,Contrôleur de gestion sociale
738,Harmon,Timothy,Femme,28/02/2022,,,Marketing,Chef de projet marketing
739,Williams,Thomas,Femme,06/05/2022,,,RH,Gestionnaire paie
740,Watkins,Laura,Femme,21/03/2022,,,Ventes,Gestionnaire CRM
741,Carr,Anna,Femme,09/10/2022,,,RH,Contrôleur de gestion sociale
742,King,Brett,Homme,17/05/2022,,,RH,Assistant RH
743,Nelson,Charles,Femme,10/06/2022,,,Finance,Analyste financier
744,Bradshaw,Rebecca,Femme,02/02/2022,,,Informatique,Responsable sécurité informatique
745,Edwards,Lori,Femme,08/01/2022,,,Finance,Auditeur interne
746,Scott,Garrett,Homme,06/11/2022,,,Ventes,Animateur SAV
747,Stewart,Brian,Femme,22/07/2022,,,Finance,Analyste financier
748,Adams,Katherine,Homme,20/04/2022,,,Informatique,Webmaster
749,Reed,George,Homme,14/10/2022,,,Ventes,Animateur SAV
750,Allen,Stephanie,Femme,26/09/2022,,,Marketing,Ingénieur packaging
751,Smith,Kristin,Femme,19/10/2022,,,Marketing,Assistant marketing
752,Williams,Joel,Homme,05/01/2022,,,RH,Contrôleur de gestion sociale
753,Smith,Erica,Femme,03/05/2022,,,Finance,Analyste financier
754,Diaz,Alexander,Femme,17/06/2022,,,Finance,Contrôleur de gestion
755,George,Elizabeth,Femme,12/05/2022,,,Ventes,Gestionnaire CRM
756,Sanchez,Peter,Femme,04/04/2022,,,Ventes,Chargé d’affaires
757,Hoover,Nicole,Femme,15/01/2022,,,Ventes,Assistant commercial
758,Cervantes,Michael,Femme,29/12/2022,,,Informatique,Administrateur système
759,Williams,Tony,Femme,12/05/2022,,,Marketing,Chef de projet marketing
760,Petersen,Angela,Homme,16/09/2022,27/11/2022,Démission,Finance,Analyste financier
761,Allen,Michael,Homme,11/02/2022,,,Informatique,Administrateur système
762,Montoya,Alexa,Homme,06/12/2022,,,Ventes,Chargé d’affaires
763,Humphrey,Thomas,Femme,07/01/2022,,,Marketing,Ingénieur packaging
764,Smith,Jack,Homme,13/02/2022,,,Ventes,Gestionnaire CRM
765,Boyd,Christopher,Femme,01/12/2022,,,RH,Assistant RH
766,Bowman,Sabrina,Femme,27/07/2022,,,Marketing,Chef de projet marketing
767,Henderson,Valerie,Homme,08/09/2022,,,Finance,Auditeur interne
768,Wood,Maurice,Femme,06/07/2022,,,Informatique,Administrateur système
769,Tate,Kerri,Homme,25/06/2022,,,RH,Responsable GPEC GEPP
770,Moore,Tiffany,Femme,25/01/2022,,,RH,Responsable GPEC GEPP
771,Patel,Terry,Homme,07/08/2022,26/10/2022,Retraite,Informatique,Data engineer
772,Webb,Daniel,Homme,15/01/2022,,,Marketing,Chef de projet marketing
773,Robinson,Sheila,Homme,06/08/2022,,,Marketing,Ingénieur packaging
774,Carter,Shannon,Homme,19/04/2022,,,Finance,Auditeur interne
775,Clark,William,Femme,23/01/2022,,,Ventes,Gestionnaire CRM
776,Aguirre,Cassandra,Femme,21/07/2022,,,RH,Responsable SIRH
777,Wilson,Claudia,Homme,16/12/2022,,,Finance,Assistant de gestion
778,Hernandez,Monica,Femme,08/02/2022,,,Marketing,Category manager
779,Kim,Danielle,Homme,18/06/2022,,,Informatique,Webmaster
780,Carpenter,James,Femme,31/05/2022,,,Marketing,Chef de projet marketing
781,Lambert,Marissa,Homme,06/04/2022,,,Informatique,Administrateur réseaux
782,Brooks,Sharon,Femme,25/02/2022,,,RH,Contrôleur de gestion sociale
783,Pace,Jackson,Femme,15/12/2022,,,RH,Contrôleur de gestion sociale
784,Tucker,Cheryl,Homme,20/03/2022,,,RH,Assistant RH
785,Morris,Cole,Femme,01/02/2022,,,RH,Responsable SIRH
786,Jones,Glenn,Femme,21/10/2022,,,Ventes,Responsable commercial
787,Beck,Alexander,Femme,22/01/2022,,,Ventes,Assistant commercial
788,Yates,Colleen,Homme,28/10/2022,,,RH,Gestionnaire paie
789,Mathis,Jennifer,Homme,07/03/2022,,,Ventes,Animateur SAV
790,Cook,Adrian,Homme,24/07/2022,,,Informatique,Responsable sécurité informatique
791,Hancock,Amber,Femme,17/01/2022,,,Finance,Comptable
792,Moore,Charles,Femme,25/06/2022,,,Marketing,Responsable marketing
793,Ramos,Holly,Homme,02/01/2022,,,Finance,Auditeur interne
794,Campbell,Brittany,Femme,17/06/2022,,,Ventes,Gestionnaire CRM
795,Gates,Brittney,Femme,17/12/2022,,,Marketing,Assistant marketing
796,Mcintosh,Kevin,Homme,18/08/2022,15/11/2022,Résiliation,Finance,Analyste financier
797,Wiley,Bruce,Femme,06/03/2022,,,Marketing,Responsable marketing
798,Jackson,Sean,Homme,03/11/2022,,,Finance,Auditeur interne
799,Calhoun,Stephanie,Homme,04/11/2022,,,Ventes,Gestionnaire CRM
800,Lee,Joe,Femme,09/12/2022,14/12/2022,Mise à pied,RH,Gestionnaire paie
801,Johnson,Mikayla,Homme,20/01/2022,07/08/2022,Résiliation,Finance,Analyste financier
802,Turner,Rachel,Femme,17/10/2022,,,RH,Gestionnaire paie
803,Juarez,Matthew,Homme,06/01/2022,,,RH,Contrôleur de gestion sociale
804,Frazier,Veronica,Femme,31/07/2022,,,Ventes,Gestionnaire CRM
805,Harding,Jennifer,Femme,06/06/2022,,,Informatique,Administrateur système
806,Lewis,Anna,Homme,03/11/2022,,,Ventes,Responsable commercial
807,Rivers,Henry,Femme,02/03/2022,,,RH,Gestionnaire paie
808,Barrett,Sean,Femme,07/07/2022,,,Ventes,Responsable commercial
809,Campbell,Sarah,Femme,08/11/2022,,,Informatique,Data engineer
810,Cole,Madison,Femme,24/04/2022,,,Marketing,Responsable marketing
811,Rose,Philip,Homme,01/05/2022,,,Finance,Contrôleur de gestion
812,Torres,Sarah,Femme,24/11/2022,,,Finance,Analyste financier
813,Gray,Jason,Homme,09/02/2022,,,Finance,Contrôleur de gestion
814,Jackson,Brenda,Homme,28/03/2022,,,Ventes,Animateur SAV
815,Reynolds,Thomas,Homme,11/10/2022,,,Finance,Auditeur interne
816,Jones,Timothy,Homme,28/04/2022,,,Marketing,Category manager
817,Dunlap,Pamela,Femme,20/08/2022,,,RH,Contrôleur de gestion sociale
818,Tapia,Barbara,Femme,23/03/2022,,,Informatique,Data engineer
819,Barber,Sarah,Homme,05/10/2022,,,Ventes,Responsable commercial
820,Mckinney,Barry,Homme,13/03/2022,,,Informatique,Administrateur système
821,Marsh,Larry,Homme,31/01/2022,,,Marketing,Chef de projet marketing
822,Rocha,Laura,Femme,05/12/2022,,,Ventes,Responsable commercial
823,Moore,James,Femme,12/09/2022,,,Marketing,Chef de projet marketing
824,Hatfield,Michele,Femme,11/08/2022,,,RH,Gestionnaire paie
825,Carlson,Kirk,Femme,20/06/2022,,,Ventes,Assistant commercial
826,Gonzales,Christopher,Femme,19/08/2022,,,RH,Contrôleur de gestion sociale
827,Gutierrez,Crystal,Homme,08/05/2022,,,RH,Assistant RH
828,Sanchez,Karina,Homme,10/11/2022,,,RH,Contrôleur de gestion sociale
829,Nicholson,Jasmine,Femme,16/07/2022,,,RH,Assistant RH
830,Gallagher,Kelly,Femme,14/05/2022,,,Finance,Contrôleur de gestion
831,Garcia,Cody,Femme,25/10/2022,,,RH,Contrôleur de gestion sociale
832,Greene,Jennifer,Homme,07/12/2022,23/12/2022,Démission,Informatique,Webmaster
833,Ortiz,Alejandro,Homme,20/09/2022,,,RH,Responsable GPEC GEPP
834,Bell,Ashley,Femme,26/12/2022,,,Informatique,Administrateur réseaux
835,Singh,Hunter,Femme,16/04/2022,,,Marketing,Chef de projet marketing
836,Rowe,Geoffrey,Femme,16/10/2022,,,Marketing,Category manager
837,Santiago,Dawn,Femme,26/03/2022,,,Finance,Analyste financier
838,Young,Michael,Homme,11/02/2022,,,Ventes,Animateur SAV
839,Collins,Steve,Femme,31/10/2022,,,RH,Responsable GPEC GEPP
840,Levy,Anna,Femme,05/09/2022,,,RH,Gestionnaire paie
841,Parker,Lauren,Homme,23/12/2022,,,Informatique,Administrateur système
842,Thomas,Renee,Femme,28/09/2022,,,Marketing,Chef de projet marketing
843,Morris,Peter,Femme,13/12/2022,,,Marketing,Category manager
844,Olsen,Donald,Femme,23/06/2022,,,RH,Responsable GPEC GEPP
845,Simon,Lauren,Homme,08/04/2022,,,Informatique,Data engineer
846,Pope,William,Homme,30/12/2022,,,Finance,Assistant de gestion
847,Davis,Matthew,Homme,02/01/2022,,,Marketing,Ingénieur packaging
848,Gonzalez,Brianna,Femme,13/12/2022,14/12/2022,Démission,RH,Responsable GPEC GEPP
849,Morris,Susan,Femme,31/05/2022,,,RH,Gestionnaire paie
850,Hill,Jesse,Femme,23/02/2022,,,Informatique,Webmaster
851,Schwartz,Christopher,Homme,27/07/2022,,,Ventes,Animateur SAV
852,Thompson,Michael,Homme,22/03/2022,,,Marketing,Category manager
853,Romero,Douglas,Femme,23/02/2022,,,RH,Contrôleur de gestion sociale
854,Adkins,Andrew,Femme,02/06/2022,,,Marketing,Assistant marketing
855,Parker,Christina,Homme,18/07/2022,,,Finance,Analyste financier
856,Gonzalez,Jeffrey,Homme,02/02/2022,,,Marketing,Category manager
857,Holt,Lauren,Femme,07/11/2022,,,Finance,Contrôleur de gestion
858,Cole,Monique,Femme,19/09/2022,,,Informatique,Administrateur réseaux
859,Baker,Gary,Homme,19/12/2022,,,Finance,Auditeur interne
860,Rios,Donna,Femme,27/06/2022,,,Informatique,Administrateur système
861,Johnson,Christine,Homme,16/09/2022,,,Finance,Analyste financier
862,Bernard,Danielle,Femme,18/07/2022,04/10/2022,Mise à pied,Finance,Contrôleur de gestion
863,Meyer,Andrew,Femme,12/10/2022,,,Ventes,Animateur SAV
864,Campbell,Amy,Homme,01/01/2022,,,Informatique,Administrateur système
865,Wilson,Jamie,Femme,28/05/2022,,,Informatique,Data engineer
866,Graham,Tyler,Femme,15/04/2022,,,Marketing,Category manager
867,Leonard,Robin,Homme,21/03/2022,,,RH,Gestionnaire paie
868,Martin,Tony,Homme,20/07/2022,,,Finance,Analyste financier
869,Camacho,Nicole,Homme,08/08/2022,,,Informatique,Data engineer
870,Mendez,Henry,Femme,01/05/2022,,,Finance,Assistant de gestion
871,Jones,Barbara,Homme,08/11/2022,,,Informatique,Administrateur réseaux
872,Hunt,Robert,Femme,12/01/2022,,,Marketing,Assistant marketing
873,Conway,Jessica,Femme,01/04/2022,,,Ventes,Animateur SAV
874,Maldonado,Janet,Femme,27/08/2022,,,Ventes,Animateur SAV
875,Butler,Marcus,Femme,10/11/2022,,,RH,Gestionnaire paie
876,Levy,Tina,Homme,04/08/2022,,,Marketing,Ingénieur packaging
877,Martin,Mary,Femme,19/06/2022,,,Ventes,Gestionnaire CRM
878,Thompson,Joseph,Homme,22/04/2022,,,Ventes,Assistant commercial
879,Wise,Nicole,Femme,22/02/2022,,,Marketing,Category manager
880,Young,Robert,Homme,10/06/2022,,,Finance,Auditeur interne
881,Beck,Brenda,Homme,07/11/2022,,,Informatique,Administrateur réseaux
882,Barrett,Diana,Femme,08/11/2022,,,Finance,Comptable
883,Cooley,Chelsea,Femme,10/12/2022,,,RH,Contrôleur de gestion sociale
884,Wilkerson,Christopher,Homme,29/10/2022,12/12/2022,Retraite,Finance,Analyste financier
885,Anderson,Samuel,Homme,03/05/2022,,,Informatique,Webmaster
886,Blair,John,Femme,14/07/2022,,,Ventes,Responsable commercial
887,Gonzalez,Emily,Femme,04/11/2022,,,Informatique,Responsable sécurité informatique
888,Morris,Miranda,Femme,11/06/2022,,,Ventes,Gestionnaire CRM
889,Ward,Gabriela,Femme,05/12/2022,,,Finance,Analyste financier
890,Lopez,Steven,Homme,17/04/2022,15/06/2022,Démission,Marketing,Chef de projet marketing
891,Gibson,Nicole,Femme,01/04/2022,,,RH,Gestionnaire paie
892,French,Nathan,Femme,28/09/2022,,,RH,Responsable GPEC GEPP
893,Martinez,Robert,Femme,29/10/2022,,,Finance,Auditeur interne
894,Delacruz,Gilbert,Femme,02/02/2022,23/08/2022,Retraite,Informatique,Webmaster
895,Ramos,Anita,Homme,01/10/2022,,,Informatique,Responsable sécurité informatique
896,Cox,Mark,Homme,08/07/2022,,,Finance,Analyste financier
897,Barnes,Christine,Homme,13/08/2022,,,Ventes,Gestionnaire CRM
898,Cruz,Jose,Femme,12/02/2022,,,Finance,Assistant de gestion
899,Owens,Kevin,Femme,16/09/2022,,,Informatique,Responsable sécurité informatique
900,Mills,Sherri,Homme,16/07/2022,,,Finance,Contrôleur de gestion
901,Gallegos,Troy,Homme,24/07/2022,,,Marketing,Chef de projet marketing
902,Patel,Michael,Femme,19/01/2022,23/10/2022,Mise à pied,Finance,Contrôleur de gestion
903,Smith,Juan,Homme,15/11/2022,,,Informatique,Data engineer
904,Patel,Lindsey,Femme,23/02/2022,,,Ventes,Animateur SAV
905,Dalton,Ashley,Femme,30/12/2022,,,RH,Assistant RH
906,Curtis,Teresa,Femme,04/10/2022,,,Finance,Contrôleur de gestion
907,Mitchell,William,Femme,23/08/2022,01/09/2022,Démission,Informatique,Administrateur réseaux
908,Villarreal,Tammy,Homme,17/06/2022,,,Finance,Contrôleur de gestion
909,Snow,Larry,Homme,22/06/2022,,,Finance,Assistant de gestion
910,Blair,Mary,Homme,13/05/2022,,,Ventes,Responsable commercial
911,Morales,Rachel,Homme,19/04/2022,,,Finance,Comptable
912,Campbell,Christine,Femme,03/11/2022,,,Marketing,Responsable marketing
913,Osborn,David,Femme,27/06/2022,,,Informatique,Administrateur réseaux
914,Duncan,Tabitha,Femme,06/02/2022,,,Ventes,Responsable commercial
915,Rivera,Hector,Femme,24/04/2022,,,Ventes,Gestionnaire CRM
916,Rangel,Ashlee,Femme,05/10/2022,,,Finance,Analyste financier
917,Wilson,Justin,Homme,08/03/2022,,,Ventes,Chargé d’affaires
918,Patterson,Briana,Homme,09/03/2022,,,Finance,Contrôleur de gestion
919,Martin,Michael,Femme,23/10/2022,,,Finance,Comptable
920,Chandler,Tim,Homme,07/03/2022,,,Marketing,Assistant marketing
921,Brewer,Brian,Femme,28/09/2022,,,Finance,Contrôleur de gestion
922,Bradford,Jennifer,Homme,07/01/2022,,,Finance,Auditeur interne
923,Young,Amanda,Homme,23/12/2022,,,RH,Responsable SIRH
924,Brown,Christopher,Homme,06/04/2022,,,Finance,Analyste financier
925,Zimmerman,Sergio,Femme,09/06/2022,,,Informatique,Administrateur système
926,Merritt,Kelly,Homme,30/12/2022,,,Marketing,Category manager
927,Perez,Joseph,Femme,08/08/2022,,,Finance,Comptable
928,Carlson,Donna,Homme,21/12/2022,,,Informatique,Webmaster
929,Weaver,Samantha,Femme,27/05/2022,,,Ventes,Assistant commercial
930,Rogers,Meghan,Femme,26/11/2022,,,Finance,Assistant de gestion
931,Brooks,Megan,Femme,15/04/2022,,,RH,Responsable SIRH
932,Robinson,Sarah,Homme,27/02/2022,,,Marketing,Chef de projet marketing
933,Alvarez,Albert,Femme,11/10/2022,,,Finance,Analyste financier
934,Ruiz,John,Femme,23/07/2022,,,RH,Gestionnaire paie
935,Russell,Allison,Homme,08/02/2022,,,RH,Responsable GPEC GEPP
936,Hall,Ryan,Femme,13/04/2022,,,Ventes,Gestionnaire CRM
937,Jacobson,Eric,Femme,01/12/2022,,,Finance,Auditeur interne
938,Christensen,Kara,Femme,24/12/2022,,,Marketing,Ingénieur packaging
939,Hoover,Heidi,Homme,20/06/2022,,,Finance,Contrôleur de gestion
940,Mann,Susan,Femme,24/11/2022,,,Informatique,Administrateur système
941,Curtis,Robert,Homme,05/05/2022,,,Marketing,Assistant marketing
942,Morales,Justin,Homme,28/03/2022,,,Informatique,Responsable sécurité informatique
943,Brown,Stacy,Femme,17/07/2022,,,RH,Assistant RH
944,Newton,Derek,Homme,22/08/2022,,,Ventes,Animateur SAV
945,Jackson,Paul,Homme,30/04/2022,,,Finance,Contrôleur de gestion
946,Patel,Richard,Homme,27/01/2022,,,Ventes,Chargé d’affaires
947,Potter,Andrew,Femme,25/06/2022,,,RH,Contrôleur de gestion sociale
948,Walker,Wesley,Femme,18/09/2022,,,Ventes,Gestionnaire CRM
949,Ford,Lucas,Femme,05/04/2022,,,Finance,Contrôleur de gestion
950,Griffin,Raymond,Homme,09/10/2022,,,Marketing,Assistant marketing
951,Haynes,Kim,Femme,13/07/2022,,,Finance,Comptable
952,Contreras,Jeremy,Femme,25/01/2022,15/07/2022,Résiliation,Marketing,Responsable marketing
953,Allen,Melanie,Femme,08/04/2022,,,Finance,Assistant de gestion
954,Robinson,Elizabeth,Homme,24/12/2022,27/12/2022,Retraite,Marketing,Category manager
955,Haynes,Daniel,Homme,09/09/2022,,,Finance,Contrôleur de gestion
956,Marquez,Michael,Homme,25/08/2022,,,RH,Responsable SIRH
957,Mccann,Susan,Femme,07/11/2022,,,Ventes,Gestionnaire CRM
958,Williams,Arthur,Homme,22/07/2022,,,Finance,Auditeur interne
959,Foley,Lori,Homme,25/08/2022,,,Finance,Comptable
960,Hernandez,Nicholas,Homme,11/05/2022,,,Informatique,Responsable sécurité informatique
961,Chapman,Katherine,Femme,26/05/2022,,,Finance,Contrôleur de gestion
962,Adkins,Christopher,Femme,05/03/2022,,,Informatique,Administrateur réseaux
963,Fields,Barbara,Femme,18/01/2022,,,Finance,Comptable
964,Williams,Heather,Homme,16/01/2022,,,Finance,Comptable
965,Ryan,Austin,Homme,27/04/2022,12/09/2022,Résiliation,RH,Responsable SIRH
966,Rodriguez,Jessica,Femme,01/07/2022,,,Finance,Comptable
967,Rose,Matthew,Femme,20/01/2022,,,RH,Responsable GPEC GEPP
968,Robertson,Veronica,Homme,15/10/2022,,,Finance,Comptable
969,Perez,Amanda,Femme,10/03/2022,,,Marketing,Category manager
970,Mcdaniel,Virginia,Homme,22/02/2022,,,Marketing,Ingénieur packaging
971,White,Corey,Femme,03/03/2022,,,Ventes,Animateur SAV
972,Garcia,Leslie,Homme,13/03/2022,,,Marketing,Assistant marketing
973,Holmes,Christine,Homme,30/11/2022,,,Ventes,Animateur SAV
974,Wheeler,Dana,Homme,10/09/2022,,,Informatique,Administrateur réseaux
975,Woods,Laurie,Femme,09/12/2022,,,Finance,Contrôleur de gestion
976,Krueger,Taylor,Femme,17/10/2022,,,Finance,Assistant de gestion
977,Bowers,Holly,Homme,13/04/2022,,,RH,Assistant RH
978,Franklin,Jesus,Femme,01/06/2022,,,Marketing,Category manager
979,Robbins,Nicole,Femme,22/06/2022,,,Ventes,Assistant commercial
980,Adkins,Andrea,Femme,02/03/2022,,,Ventes,Gestionnaire CRM
981,Gomez,Sandra,Homme,08/04/2022,,,Marketing,Chef de projet marketing
982,Miller,Debra,Femme,09/05/2022,,,Ventes,Chargé d’affaires
983,Foster,Casey,Femme,03/11/2022,,,Marketing,Category manager
984,Jackson,Karen,Homme,01/12/2022,,,Marketing,Ingénieur packaging
985,Martinez,Robert,Homme,05/02/2022,,,RH,Contrôleur de gestion sociale
986,Edwards,Eric,Femme,20/05/2022,,,RH,Contrôleur de gestion sociale
987,Copeland,Darrell,Homme,09/06/2022,,,RH,Assistant RH
988,Gilmore,Maurice,Femme,10/07/2022,,,Informatique,Responsable sécurité informatique
989,Lyons,Jose,Homme,11/10/2022,,,Finance,Assistant de gestion
990,Cline,Whitney,Femme,27/11/2022,,,Marketing,Chef de projet marketing
991,Graves,Megan,Femme,17/11/2022,,,Ventes,Assistant commercial
992,Combs,Travis,Femme,02/07/2022,,,RH,Responsable GPEC GEPP
993,Ashley,Danielle,Femme,13/06/2022,,,Marketing,Responsable marketing
994,Austin,Rebecca,Homme,20/07/2022,,,Marketing,Responsable marketing
995,Stewart,Chloe,Homme,26/01/2022,,,Ventes,Gestionnaire CRM
996,Smith,Brandon,Femme,10/02/2022,,,Informatique,Data engineer
997,Myers,Steven,Femme,18/07/2022,,,Informatique,Responsable sécurité informatique
998,Allen,Christy,Homme,10/08/2022,,,RH,Assistant RH
999,Park,Tiffany,Femme,10/01/2022,,,Marketing,Chef de projet marketing
1000,Edwards,Jennifer,Femme,20/05/2022,,,Informatique,Data engineer
